{
    "avg_f1_score": 0.7679902474506235,
    "std_f1_score": 0.010567702821060848,
    "avg_precision": 0.8568089573561899,
    "avg_recall": 0.69625,
    "avg_auc_roc": 0.8700418773979768,
    "avg_auc_pr": 0.8511938791269842,
    "f1_scores": [
        0.7716262975778547,
        0.7646017699115044,
        0.7622259696458684,
        0.7863247863247863,
        0.7551724137931034
    ],
    "precisions": [
        0.8643410852713178,
        0.8816326530612245,
        0.8278388278388278,
        0.8679245283018868,
        0.8423076923076923
    ],
    "recalls": [
        0.696875,
        0.675,
        0.70625,
        0.71875,
        0.684375
    ],
    "auc_roc_scores": [
        0.8779025163666121,
        0.8644972381342062,
        0.8689366816693944,
        0.8764139344262294,
        0.8624590163934427
    ],
    "auc_pr_scores": [
        0.8509056267414657,
        0.8443977528197968,
        0.8561421730888931,
        0.8595540642296001,
        0.8449697787551651
    ]
}